inv_id,date,inv_id_encoded,year,month,day,day_of_week,is_weekend,transaction_count,unique_users,rolling_3day_avg,rolling_7day_avg,lag_1day,predicted_usage
INV0ZE2HG,2026-01-02,0,2026,1,2,4,0,1,1,25.755000000000003,25.755000000000003,1.56,39.01
INV0ZE2HG,2026-01-03,0,2026,1,3,5,1,1,1,25.755000000000003,25.755000000000003,1.56,38.78
INV0ZE2HG,2026-01-04,0,2026,1,4,6,1,1,1,25.755000000000003,25.755000000000003,1.56,38.6
INV0ZE2HG,2026-01-05,0,2026,1,5,0,0,1,1,25.755000000000003,25.755000000000003,1.56,37.75
INV0ZE2HG,2026-01-06,0,2026,1,6,1,0,1,1,25.755000000000003,25.755000000000003,1.56,37.5
INV0ZE2HG,2026-01-07,0,2026,1,7,2,0,1,1,25.755000000000003,25.755000000000003,1.56,38.07
INV0ZE2HG,2026-01-08,0,2026,1,8,3,0,1,1,25.755000000000003,25.755000000000003,1.56,38.79
INV1IV6G7,2026-01-02,1,2026,1,2,4,0,1,1,31.96666666666667,31.96666666666667,49.99,34.44
INV1IV6G7,2026-01-03,1,2026,1,3,5,1,1,1,31.96666666666667,31.96666666666667,49.99,33.17
INV1IV6G7,2026-01-04,1,2026,1,4,6,1,1,1,31.96666666666667,31.96666666666667,49.99,33.18
INV1IV6G7,2026-01-05,1,2026,1,5,0,0,1,1,31.96666666666667,31.96666666666667,49.99,34.16
INV1IV6G7,2026-01-06,1,2026,1,6,1,0,1,1,31.96666666666667,31.96666666666667,49.99,33.97
INV1IV6G7,2026-01-07,1,2026,1,7,2,0,1,1,31.96666666666667,31.96666666666667,49.99,34.14
INV1IV6G7,2026-01-08,1,2026,1,8,3,0,1,1,31.96666666666667,31.96666666666667,49.99,32.65
INV2E99TL,2026-01-02,2,2026,1,2,4,0,1,1,34.565,34.565,25.09,35.52
INV2E99TL,2026-01-03,2,2026,1,3,5,1,1,1,34.565,34.565,25.09,35.26
INV2E99TL,2026-01-04,2,2026,1,4,6,1,1,1,34.565,34.565,25.09,35.23
INV2E99TL,2026-01-05,2,2026,1,5,0,0,1,1,34.565,34.565,25.09,35.3
INV2E99TL,2026-01-06,2,2026,1,6,1,0,1,1,34.565,34.565,25.09,35.25
INV2E99TL,2026-01-07,2,2026,1,7,2,0,1,1,34.565,34.565,25.09,35.4
INV2E99TL,2026-01-08,2,2026,1,8,3,0,1,1,34.565,34.565,25.09,35.61
INV2MF5ZG,2026-01-02,3,2026,1,2,4,0,1,1,49.13,49.13,49.13,43.21
INV2MF5ZG,2026-01-03,3,2026,1,3,5,1,1,1,49.13,49.13,49.13,43.29
INV2MF5ZG,2026-01-04,3,2026,1,4,6,1,1,1,49.13,49.13,49.13,43.3
INV2MF5ZG,2026-01-05,3,2026,1,5,0,0,1,1,49.13,49.13,49.13,43.27
INV2MF5ZG,2026-01-06,3,2026,1,6,1,0,1,1,49.13,49.13,49.13,43.29
INV2MF5ZG,2026-01-07,3,2026,1,7,2,0,1,1,49.13,49.13,49.13,43.41
INV2MF5ZG,2026-01-08,3,2026,1,8,3,0,1,1,49.13,49.13,49.13,43.44
INV2TQOL5,2026-01-02,4,2026,1,2,4,0,1,1,39.626666666666665,42.181666666666665,38.59,40.11
INV2TQOL5,2026-01-03,4,2026,1,3,5,1,1,1,39.626666666666665,42.181666666666665,38.59,40.19
INV2TQOL5,2026-01-04,4,2026,1,4,6,1,1,1,39.626666666666665,42.181666666666665,38.59,40.0
INV2TQOL5,2026-01-05,4,2026,1,5,0,0,1,1,39.626666666666665,42.181666666666665,38.59,39.98
INV2TQOL5,2026-01-06,4,2026,1,6,1,0,1,1,39.626666666666665,42.181666666666665,38.59,39.98
INV2TQOL5,2026-01-07,4,2026,1,7,2,0,1,1,39.626666666666665,42.181666666666665,38.59,40.04
INV2TQOL5,2026-01-08,4,2026,1,8,3,0,1,1,39.626666666666665,42.181666666666665,38.59,40.0
INV2XLOVV,2026-01-02,5,2026,1,2,4,0,1,1,23.343333333333334,25.383333333333336,19.4,29.43
INV2XLOVV,2026-01-03,5,2026,1,3,5,1,1,1,23.343333333333334,25.383333333333336,19.4,30.11
INV2XLOVV,2026-01-04,5,2026,1,4,6,1,1,1,23.343333333333334,25.383333333333336,19.4,30.98
INV2XLOVV,2026-01-05,5,2026,1,5,0,0,1,1,23.343333333333334,25.383333333333336,19.4,27.9
INV2XLOVV,2026-01-06,5,2026,1,6,1,0,1,1,23.343333333333334,25.383333333333336,19.4,27.19
INV2XLOVV,2026-01-07,5,2026,1,7,2,0,1,1,23.343333333333334,25.383333333333336,19.4,26.72
INV2XLOVV,2026-01-08,5,2026,1,8,3,0,1,1,23.343333333333334,25.383333333333336,19.4,27.25
INV3IY9IZ,2026-01-02,6,2026,1,2,4,0,1,1,23.603333333333335,23.603333333333335,39.8,12.61
INV3IY9IZ,2026-01-03,6,2026,1,3,5,1,1,1,23.603333333333335,23.603333333333335,39.8,13.31
INV3IY9IZ,2026-01-04,6,2026,1,4,6,1,1,1,23.603333333333335,23.603333333333335,39.8,13.92
INV3IY9IZ,2026-01-05,6,2026,1,5,0,0,1,1,23.603333333333335,23.603333333333335,39.8,12.03
INV3IY9IZ,2026-01-06,6,2026,1,6,1,0,1,1,23.603333333333335,23.603333333333335,39.8,11.63
INV3IY9IZ,2026-01-07,6,2026,1,7,2,0,1,1,23.603333333333335,23.603333333333335,39.8,11.38
INV3IY9IZ,2026-01-08,6,2026,1,8,3,0,1,1,23.603333333333335,23.603333333333335,39.8,11.44
INV3K2L8V,2026-01-02,7,2026,1,2,4,0,1,1,30.886666666666667,31.724,43.7,30.72
INV3K2L8V,2026-01-03,7,2026,1,3,5,1,1,1,30.886666666666667,31.724,43.7,29.59
INV3K2L8V,2026-01-04,7,2026,1,4,6,1,1,1,30.886666666666667,31.724,43.7,29.68
INV3K2L8V,2026-01-05,7,2026,1,5,0,0,1,1,30.886666666666667,31.724,43.7,30.46
INV3K2L8V,2026-01-06,7,2026,1,6,1,0,1,1,30.886666666666667,31.724,43.7,30.15
INV3K2L8V,2026-01-07,7,2026,1,7,2,0,1,1,30.886666666666667,31.724,43.7,30.28
INV3K2L8V,2026-01-08,7,2026,1,8,3,0,1,1,30.886666666666667,31.724,43.7,27.77
INV43ZABM,2026-01-02,8,2026,1,2,4,0,1,1,12.44,12.44,13.84,12.82
INV43ZABM,2026-01-03,8,2026,1,3,5,1,1,1,12.44,12.44,13.84,12.48
INV43ZABM,2026-01-04,8,2026,1,4,6,1,1,1,12.44,12.44,13.84,12.3
INV43ZABM,2026-01-05,8,2026,1,5,0,0,1,1,12.44,12.44,13.84,13.03
INV43ZABM,2026-01-06,8,2026,1,6,1,0,1,1,12.44,12.44,13.84,12.91
INV43ZABM,2026-01-07,8,2026,1,7,2,0,1,1,12.44,12.44,13.84,12.61
INV43ZABM,2026-01-08,8,2026,1,8,3,0,1,1,12.44,12.44,13.84,12.7
INV4CO8LA,2026-01-02,9,2026,1,2,4,0,1,1,18.69333333333333,24.1925,25.64,16.38
INV4CO8LA,2026-01-03,9,2026,1,3,5,1,1,1,18.69333333333333,24.1925,25.64,17.36
INV4CO8LA,2026-01-04,9,2026,1,4,6,1,1,1,18.69333333333333,24.1925,25.64,20.14
INV4CO8LA,2026-01-05,9,2026,1,5,0,0,1,1,18.69333333333333,24.1925,25.64,15.3
INV4CO8LA,2026-01-06,9,2026,1,6,1,0,1,1,18.69333333333333,24.1925,25.64,14.95
INV4CO8LA,2026-01-07,9,2026,1,7,2,0,1,1,18.69333333333333,24.1925,25.64,13.68
INV4CO8LA,2026-01-08,9,2026,1,8,3,0,1,1,18.69333333333333,24.1925,25.64,13.56
INV4FGIVU,2026-01-02,10,2026,1,2,4,0,1,1,20.476666666666663,21.12,26.49,21.5
INV4FGIVU,2026-01-03,10,2026,1,3,5,1,1,1,20.476666666666663,21.12,26.49,22.26
INV4FGIVU,2026-01-04,10,2026,1,4,6,1,1,1,20.476666666666663,21.12,26.49,24.4
INV4FGIVU,2026-01-05,10,2026,1,5,0,0,1,1,20.476666666666663,21.12,26.49,20.69
INV4FGIVU,2026-01-06,10,2026,1,6,1,0,1,1,20.476666666666663,21.12,26.49,20.26
INV4FGIVU,2026-01-07,10,2026,1,7,2,0,1,1,20.476666666666663,21.12,26.49,19.28
INV4FGIVU,2026-01-08,10,2026,1,8,3,0,1,1,20.476666666666663,21.12,26.49,18.89
INV4GN3XZ,2026-01-02,11,2026,1,2,4,0,1,1,13.12,13.12,1.75,14.57
INV4GN3XZ,2026-01-03,11,2026,1,3,5,1,1,1,13.12,13.12,1.75,14.15
INV4GN3XZ,2026-01-04,11,2026,1,4,6,1,1,1,13.12,13.12,1.75,14.44
INV4GN3XZ,2026-01-05,11,2026,1,5,0,0,1,1,13.12,13.12,1.75,15.04
INV4GN3XZ,2026-01-06,11,2026,1,6,1,0,1,1,13.12,13.12,1.75,14.95
INV4GN3XZ,2026-01-07,11,2026,1,7,2,0,1,1,13.12,13.12,1.75,14.71
INV4GN3XZ,2026-01-08,11,2026,1,8,3,0,1,1,13.12,13.12,1.75,14.78
INV4OMABV,2026-01-02,12,2026,1,2,4,0,1,1,21.21,23.0175,3.56,25.52
INV4OMABV,2026-01-03,12,2026,1,3,5,1,1,1,21.21,23.0175,3.56,26.6
INV4OMABV,2026-01-04,12,2026,1,4,6,1,1,1,21.21,23.0175,3.56,30.53
INV4OMABV,2026-01-05,12,2026,1,5,0,0,1,1,21.21,23.0175,3.56,23.88
INV4OMABV,2026-01-06,12,2026,1,6,1,0,1,1,21.21,23.0175,3.56,23.26
INV4OMABV,2026-01-07,12,2026,1,7,2,0,1,1,21.21,23.0175,3.56,22.57
INV4OMABV,2026-01-08,12,2026,1,8,3,0,1,1,21.21,23.0175,3.56,22.08
INV4R8VM8,2026-01-02,13,2026,1,2,4,0,1,1,26.903333333333336,28.872500000000002,31.33,21.67
INV4R8VM8,2026-01-03,13,2026,1,3,5,1,1,1,26.903333333333336,28.872500000000002,31.33,22.23
INV4R8VM8,2026-01-04,13,2026,1,4,6,1,1,1,26.903333333333336,28.872500000000002,31.33,23.16
INV4R8VM8,2026-01-05,13,2026,1,5,0,0,1,1,26.903333333333336,28.872500000000002,31.33,20.55
INV4R8VM8,2026-01-06,13,2026,1,6,1,0,1,1,26.903333333333336,28.872500000000002,31.33,20.15
INV4R8VM8,2026-01-07,13,2026,1,7,2,0,1,1,26.903333333333336,28.872500000000002,31.33,20.27
INV4R8VM8,2026-01-08,13,2026,1,8,3,0,1,1,26.903333333333336,28.872500000000002,31.33,20.68
INV4TIHKM,2026-01-02,14,2026,1,2,4,0,1,1,38.60333333333333,38.60333333333333,49.05,37.19
INV4TIHKM,2026-01-03,14,2026,1,3,5,1,1,1,38.60333333333333,38.60333333333333,49.05,37.18
INV4TIHKM,2026-01-04,14,2026,1,4,6,1,1,1,38.60333333333333,38.60333333333333,49.05,36.99
INV4TIHKM,2026-01-05,14,2026,1,5,0,0,1,1,38.60333333333333,38.60333333333333,49.05,37.23
INV4TIHKM,2026-01-06,14,2026,1,6,1,0,1,1,38.60333333333333,38.60333333333333,49.05,37.16
INV4TIHKM,2026-01-07,14,2026,1,7,2,0,1,1,38.60333333333333,38.60333333333333,49.05,37.21
INV4TIHKM,2026-01-08,14,2026,1,8,3,0,1,1,38.60333333333333,38.60333333333333,49.05,37.14
INV4Y0NY2,2026-01-02,15,2026,1,2,4,0,1,1,15.293333333333335,15.293333333333335,17.09,16.34
INV4Y0NY2,2026-01-03,15,2026,1,3,5,1,1,1,15.293333333333335,15.293333333333335,17.09,16.69
INV4Y0NY2,2026-01-04,15,2026,1,4,6,1,1,1,15.293333333333335,15.293333333333335,17.09,17.9
INV4Y0NY2,2026-01-05,15,2026,1,5,0,0,1,1,15.293333333333335,15.293333333333335,17.09,16.35
INV4Y0NY2,2026-01-06,15,2026,1,6,1,0,1,1,15.293333333333335,15.293333333333335,17.09,16.05
INV4Y0NY2,2026-01-07,15,2026,1,7,2,0,1,1,15.293333333333335,15.293333333333335,17.09,15.35
INV4Y0NY2,2026-01-08,15,2026,1,8,3,0,1,1,15.293333333333335,15.293333333333335,17.09,14.91
INV5JAP95,2026-01-02,16,2026,1,2,4,0,1,1,19.023333333333333,25.134285714285713,43.19,12.19
INV5JAP95,2026-01-03,16,2026,1,3,5,1,1,1,19.023333333333333,25.134285714285713,43.19,13.31
INV5JAP95,2026-01-04,16,2026,1,4,6,1,1,1,19.023333333333333,25.134285714285713,43.19,14.42
INV5JAP95,2026-01-05,16,2026,1,5,0,0,1,1,19.023333333333333,25.134285714285713,43.19,10.41
INV5JAP95,2026-01-06,16,2026,1,6,1,0,1,1,19.023333333333333,25.134285714285713,43.19,10.16
INV5JAP95,2026-01-07,16,2026,1,7,2,0,1,1,19.023333333333333,25.134285714285713,43.19,9.78
INV5JAP95,2026-01-08,16,2026,1,8,3,0,1,1,19.023333333333333,25.134285714285713,43.19,9.55
INV6ONTCN,2026-01-02,17,2026,1,2,4,0,1,1,18.783333333333335,15.16,42.11,12.08
INV6ONTCN,2026-01-03,17,2026,1,3,5,1,1,1,18.783333333333335,15.16,42.11,13.25
INV6ONTCN,2026-01-04,17,2026,1,4,6,1,1,1,18.783333333333335,15.16,42.11,14.22
INV6ONTCN,2026-01-05,17,2026,1,5,0,0,1,1,18.783333333333335,15.16,42.11,10.43
INV6ONTCN,2026-01-06,17,2026,1,6,1,0,1,1,18.783333333333335,15.16,42.11,10.29
INV6ONTCN,2026-01-07,17,2026,1,7,2,0,1,1,18.783333333333335,15.16,42.11,9.76
INV6ONTCN,2026-01-08,17,2026,1,8,3,0,1,1,18.783333333333335,15.16,42.11,9.22
INV70I83D,2026-01-02,18,2026,1,2,4,0,1,1,23.376666666666665,24.144,17.73,28.88
INV70I83D,2026-01-03,18,2026,1,3,5,1,1,1,23.376666666666665,24.144,17.73,29.55
INV70I83D,2026-01-04,18,2026,1,4,6,1,1,1,23.376666666666665,24.144,17.73,30.5
INV70I83D,2026-01-05,18,2026,1,5,0,0,1,1,23.376666666666665,24.144,17.73,26.4
INV70I83D,2026-01-06,18,2026,1,6,1,0,1,1,23.376666666666665,24.144,17.73,25.48
INV70I83D,2026-01-07,18,2026,1,7,2,0,1,1,23.376666666666665,24.144,17.73,24.9
INV70I83D,2026-01-08,18,2026,1,8,3,0,1,1,23.376666666666665,24.144,17.73,25.53
INV7QSFX6,2026-01-02,19,2026,1,2,4,0,1,1,26.770000000000003,26.770000000000003,33.99,13.85
INV7QSFX6,2026-01-03,19,2026,1,3,5,1,1,1,26.770000000000003,26.770000000000003,33.99,14.13
INV7QSFX6,2026-01-04,19,2026,1,4,6,1,1,1,26.770000000000003,26.770000000000003,33.99,14.92
INV7QSFX6,2026-01-05,19,2026,1,5,0,0,1,1,26.770000000000003,26.770000000000003,33.99,12.94
INV7QSFX6,2026-01-06,19,2026,1,6,1,0,1,1,26.770000000000003,26.770000000000003,33.99,12.18
INV7QSFX6,2026-01-07,19,2026,1,7,2,0,1,1,26.770000000000003,26.770000000000003,33.99,12.27
INV7QSFX6,2026-01-08,19,2026,1,8,3,0,1,1,26.770000000000003,26.770000000000003,33.99,12.32
INV82AY12,2026-01-02,20,2026,1,2,4,0,1,1,35.903333333333336,35.903333333333336,41.34,38.08
INV82AY12,2026-01-03,20,2026,1,3,5,1,1,1,35.903333333333336,35.903333333333336,41.34,38.23
INV82AY12,2026-01-04,20,2026,1,4,6,1,1,1,35.903333333333336,35.903333333333336,41.34,38.07
INV82AY12,2026-01-05,20,2026,1,5,0,0,1,1,35.903333333333336,35.903333333333336,41.34,37.7
INV82AY12,2026-01-06,20,2026,1,6,1,0,1,1,35.903333333333336,35.903333333333336,41.34,37.66
INV82AY12,2026-01-07,20,2026,1,7,2,0,1,1,35.903333333333336,35.903333333333336,41.34,37.75
INV82AY12,2026-01-08,20,2026,1,8,3,0,1,1,35.903333333333336,35.903333333333336,41.34,37.73
INV8V45A8,2026-01-02,21,2026,1,2,4,0,1,1,13.373333333333335,13.373333333333335,16.43,15.26
INV8V45A8,2026-01-03,21,2026,1,3,5,1,1,1,13.373333333333335,13.373333333333335,16.43,15.31
INV8V45A8,2026-01-04,21,2026,1,4,6,1,1,1,13.373333333333335,13.373333333333335,16.43,16.49
INV8V45A8,2026-01-05,21,2026,1,5,0,0,1,1,13.373333333333335,13.373333333333335,16.43,15.13
INV8V45A8,2026-01-06,21,2026,1,6,1,0,1,1,13.373333333333335,13.373333333333335,16.43,14.87
INV8V45A8,2026-01-07,21,2026,1,7,2,0,1,1,13.373333333333335,13.373333333333335,16.43,14.33
INV8V45A8,2026-01-08,21,2026,1,8,3,0,1,1,13.373333333333335,13.373333333333335,16.43,14.0
INV90HBG4,2026-01-02,22,2026,1,2,4,0,1,1,24.67,24.67,24.67,28.0
INV90HBG4,2026-01-03,22,2026,1,3,5,1,1,1,24.67,24.67,24.67,28.57
INV90HBG4,2026-01-04,22,2026,1,4,6,1,1,1,24.67,24.67,24.67,26.83
INV90HBG4,2026-01-05,22,2026,1,5,0,0,1,1,24.67,24.67,24.67,24.7
INV90HBG4,2026-01-06,22,2026,1,6,1,0,1,1,24.67,24.67,24.67,23.87
INV90HBG4,2026-01-07,22,2026,1,7,2,0,1,1,24.67,24.67,24.67,23.15
INV90HBG4,2026-01-08,22,2026,1,8,3,0,1,1,24.67,24.67,24.67,23.88
INV944IOW,2026-01-02,23,2026,1,2,4,0,1,1,11.06,21.721666666666664,21.24,13.54
INV944IOW,2026-01-03,23,2026,1,3,5,1,1,1,11.06,21.721666666666664,21.24,13.96
INV944IOW,2026-01-04,23,2026,1,4,6,1,1,1,11.06,21.721666666666664,21.24,13.89
INV944IOW,2026-01-05,23,2026,1,5,0,0,1,1,11.06,21.721666666666664,21.24,13.41
INV944IOW,2026-01-06,23,2026,1,6,1,0,1,1,11.06,21.721666666666664,21.24,13.28
INV944IOW,2026-01-07,23,2026,1,7,2,0,1,1,11.06,21.721666666666664,21.24,12.86
INV944IOW,2026-01-08,23,2026,1,8,3,0,1,1,11.06,21.721666666666664,21.24,12.42
INV9HNXQE,2026-01-02,24,2026,1,2,4,0,1,1,9.78,9.78,9.78,11.4
INV9HNXQE,2026-01-03,24,2026,1,3,5,1,1,1,9.78,9.78,9.78,11.47
INV9HNXQE,2026-01-04,24,2026,1,4,6,1,1,1,9.78,9.78,9.78,11.97
INV9HNXQE,2026-01-05,24,2026,1,5,0,0,1,1,9.78,9.78,9.78,11.14
INV9HNXQE,2026-01-06,24,2026,1,6,1,0,1,1,9.78,9.78,9.78,10.85
INV9HNXQE,2026-01-07,24,2026,1,7,2,0,1,1,9.78,9.78,9.78,10.93
INV9HNXQE,2026-01-08,24,2026,1,8,3,0,1,1,9.78,9.78,9.78,11.19
INV9N3DKC,2026-01-02,25,2026,1,2,4,0,1,1,22.386666666666667,24.6125,19.54,23.08
INV9N3DKC,2026-01-03,25,2026,1,3,5,1,1,1,22.386666666666667,24.6125,19.54,23.92
INV9N3DKC,2026-01-04,25,2026,1,4,6,1,1,1,22.386666666666667,24.6125,19.54,26.22
INV9N3DKC,2026-01-05,25,2026,1,5,0,0,1,1,22.386666666666667,24.6125,19.54,20.96
INV9N3DKC,2026-01-06,25,2026,1,6,1,0,1,1,22.386666666666667,24.6125,19.54,20.07
INV9N3DKC,2026-01-07,25,2026,1,7,2,0,1,1,22.386666666666667,24.6125,19.54,19.25
INV9N3DKC,2026-01-08,25,2026,1,8,3,0,1,1,22.386666666666667,24.6125,19.54,19.35
INV9PTSX1,2026-01-02,26,2026,1,2,4,0,1,1,21.11,26.91,10.6,26.54
INV9PTSX1,2026-01-03,26,2026,1,3,5,1,1,1,21.11,26.91,10.6,27.53
INV9PTSX1,2026-01-04,26,2026,1,4,6,1,1,1,21.11,26.91,10.6,32.67
INV9PTSX1,2026-01-05,26,2026,1,5,0,0,1,1,21.11,26.91,10.6,24.96
INV9PTSX1,2026-01-06,26,2026,1,6,1,0,1,1,21.11,26.91,10.6,24.26
INV9PTSX1,2026-01-07,26,2026,1,7,2,0,1,1,21.11,26.91,10.6,23.62
INV9PTSX1,2026-01-08,26,2026,1,8,3,0,1,1,21.11,26.91,10.6,23.47
INV9SMIDX,2026-01-02,27,2026,1,2,4,0,1,1,45.70333333333334,35.68,39.75,42.07
INV9SMIDX,2026-01-03,27,2026,1,3,5,1,1,1,45.70333333333334,35.68,39.75,42.26
INV9SMIDX,2026-01-04,27,2026,1,4,6,1,1,1,45.70333333333334,35.68,39.75,42.18
INV9SMIDX,2026-01-05,27,2026,1,5,0,0,1,1,45.70333333333334,35.68,39.75,41.98
INV9SMIDX,2026-01-06,27,2026,1,6,1,0,1,1,45.70333333333334,35.68,39.75,42.0
INV9SMIDX,2026-01-07,27,2026,1,7,2,0,1,1,45.70333333333334,35.68,39.75,42.09
INV9SMIDX,2026-01-08,27,2026,1,8,3,0,1,1,45.70333333333334,35.68,39.75,41.9
INVA1Q32X,2026-01-02,28,2026,1,2,4,0,1,1,31.23,33.417500000000004,43.27,26.37
INVA1Q32X,2026-01-03,28,2026,1,3,5,1,1,1,31.23,33.417500000000004,43.27,25.58
INVA1Q32X,2026-01-04,28,2026,1,4,6,1,1,1,31.23,33.417500000000004,43.27,25.71
INVA1Q32X,2026-01-05,28,2026,1,5,0,0,1,1,31.23,33.417500000000004,43.27,26.39
INVA1Q32X,2026-01-06,28,2026,1,6,1,0,1,1,31.23,33.417500000000004,43.27,26.13
INVA1Q32X,2026-01-07,28,2026,1,7,2,0,1,1,31.23,33.417500000000004,43.27,26.05
INVA1Q32X,2026-01-08,28,2026,1,8,3,0,1,1,31.23,33.417500000000004,43.27,23.46
INVA4YK5E,2026-01-02,29,2026,1,2,4,0,1,1,13.695,13.695,23.63,14.72
INVA4YK5E,2026-01-03,29,2026,1,3,5,1,1,1,13.695,13.695,23.63,14.92
INVA4YK5E,2026-01-04,29,2026,1,4,6,1,1,1,13.695,13.695,23.63,15.12
INVA4YK5E,2026-01-05,29,2026,1,5,0,0,1,1,13.695,13.695,23.63,14.59
INVA4YK5E,2026-01-06,29,2026,1,6,1,0,1,1,13.695,13.695,23.63,14.67
INVA4YK5E,2026-01-07,29,2026,1,7,2,0,1,1,13.695,13.695,23.63,14.05
INVA4YK5E,2026-01-08,29,2026,1,8,3,0,1,1,13.695,13.695,23.63,13.61
INVBFEWOQ,2026-01-02,30,2026,1,2,4,0,1,1,2.77,2.77,2.77,8.84
INVBFEWOQ,2026-01-03,30,2026,1,3,5,1,1,1,2.77,2.77,2.77,9.04
INVBFEWOQ,2026-01-04,30,2026,1,4,6,1,1,1,2.77,2.77,2.77,9.97
INVBFEWOQ,2026-01-05,30,2026,1,5,0,0,1,1,2.77,2.77,2.77,8.95
INVBFEWOQ,2026-01-06,30,2026,1,6,1,0,1,1,2.77,2.77,2.77,8.67
INVBFEWOQ,2026-01-07,30,2026,1,7,2,0,1,1,2.77,2.77,2.77,8.78
INVBFEWOQ,2026-01-08,30,2026,1,8,3,0,1,1,2.77,2.77,2.77,9.03
INVC4OY8C,2026-01-02,31,2026,1,2,4,0,1,1,9.23,9.23,9.23,11.1
INVC4OY8C,2026-01-03,31,2026,1,3,5,1,1,1,9.23,9.23,9.23,11.21
INVC4OY8C,2026-01-04,31,2026,1,4,6,1,1,1,9.23,9.23,9.23,11.94
INVC4OY8C,2026-01-05,31,2026,1,5,0,0,1,1,9.23,9.23,9.23,10.83
INVC4OY8C,2026-01-06,31,2026,1,6,1,0,1,1,9.23,9.23,9.23,10.51
INVC4OY8C,2026-01-07,31,2026,1,7,2,0,1,1,9.23,9.23,9.23,10.62
INVC4OY8C,2026-01-08,31,2026,1,8,3,0,1,1,9.23,9.23,9.23,10.91
INVCKSXEM,2026-01-02,32,2026,1,2,4,0,1,1,20.366666666666664,20.366666666666664,29.45,16.36
INVCKSXEM,2026-01-03,32,2026,1,3,5,1,1,1,20.366666666666664,20.366666666666664,29.45,17.21
INVCKSXEM,2026-01-04,32,2026,1,4,6,1,1,1,20.366666666666664,20.366666666666664,29.45,18.34
INVCKSXEM,2026-01-05,32,2026,1,5,0,0,1,1,20.366666666666664,20.366666666666664,29.45,14.59
INVCKSXEM,2026-01-06,32,2026,1,6,1,0,1,1,20.366666666666664,20.366666666666664,29.45,14.15
INVCKSXEM,2026-01-07,32,2026,1,7,2,0,1,1,20.366666666666664,20.366666666666664,29.45,13.22
INVCKSXEM,2026-01-08,32,2026,1,8,3,0,1,1,20.366666666666664,20.366666666666664,29.45,12.93
INVCLRTHQ,2026-01-02,33,2026,1,2,4,0,1,1,29.603333333333335,29.776,5.25,44.99
INVCLRTHQ,2026-01-03,33,2026,1,3,5,1,1,1,29.603333333333335,29.776,5.25,44.92
INVCLRTHQ,2026-01-04,33,2026,1,4,6,1,1,1,29.603333333333335,29.776,5.25,45.25
INVCLRTHQ,2026-01-05,33,2026,1,5,0,0,1,1,29.603333333333335,29.776,5.25,44.93
INVCLRTHQ,2026-01-06,33,2026,1,6,1,0,1,1,29.603333333333335,29.776,5.25,45.06
INVCLRTHQ,2026-01-07,33,2026,1,7,2,0,1,1,29.603333333333335,29.776,5.25,45.15
INVCLRTHQ,2026-01-08,33,2026,1,8,3,0,1,1,29.603333333333335,29.776,5.25,45.01
INVCRM9FG,2026-01-02,34,2026,1,2,4,0,1,1,45.75,45.75,45.75,41.29
INVCRM9FG,2026-01-03,34,2026,1,3,5,1,1,1,45.75,45.75,45.75,41.4
INVCRM9FG,2026-01-04,34,2026,1,4,6,1,1,1,45.75,45.75,45.75,41.4
INVCRM9FG,2026-01-05,34,2026,1,5,0,0,1,1,45.75,45.75,45.75,41.37
INVCRM9FG,2026-01-06,34,2026,1,6,1,0,1,1,45.75,45.75,45.75,41.41
INVCRM9FG,2026-01-07,34,2026,1,7,2,0,1,1,45.75,45.75,45.75,41.54
INVCRM9FG,2026-01-08,34,2026,1,8,3,0,1,1,45.75,45.75,45.75,41.49
INVD99BWL,2026-01-02,35,2026,1,2,4,0,1,1,8.48,8.48,8.48,10.1
INVD99BWL,2026-01-03,35,2026,1,3,5,1,1,1,8.48,8.48,8.48,10.15
INVD99BWL,2026-01-04,35,2026,1,4,6,1,1,1,8.48,8.48,8.48,11.08
INVD99BWL,2026-01-05,35,2026,1,5,0,0,1,1,8.48,8.48,8.48,10.05
INVD99BWL,2026-01-06,35,2026,1,6,1,0,1,1,8.48,8.48,8.48,9.74
INVD99BWL,2026-01-07,35,2026,1,7,2,0,1,1,8.48,8.48,8.48,9.81
INVD99BWL,2026-01-08,35,2026,1,8,3,0,1,1,8.48,8.48,8.48,10.14
INVD9VUJT,2026-01-02,36,2026,1,2,4,0,1,1,32.19,32.19,38.87,30.04
INVD9VUJT,2026-01-03,36,2026,1,3,5,1,1,1,32.19,32.19,38.87,29.37
INVD9VUJT,2026-01-04,36,2026,1,4,6,1,1,1,32.19,32.19,38.87,29.55
INVD9VUJT,2026-01-05,36,2026,1,5,0,0,1,1,32.19,32.19,38.87,29.44
INVD9VUJT,2026-01-06,36,2026,1,6,1,0,1,1,32.19,32.19,38.87,29.44
INVD9VUJT,2026-01-07,36,2026,1,7,2,0,1,1,32.19,32.19,38.87,29.46
INVD9VUJT,2026-01-08,36,2026,1,8,3,0,1,1,32.19,32.19,38.87,28.04
INVDBMFLZ,2026-01-02,37,2026,1,2,4,0,1,1,30.78,30.78,30.78,29.48
INVDBMFLZ,2026-01-03,37,2026,1,3,5,1,1,1,30.78,30.78,30.78,29.33
INVDBMFLZ,2026-01-04,37,2026,1,4,6,1,1,1,30.78,30.78,30.78,29.65
INVDBMFLZ,2026-01-05,37,2026,1,5,0,0,1,1,30.78,30.78,30.78,28.99
INVDBMFLZ,2026-01-06,37,2026,1,6,1,0,1,1,30.78,30.78,30.78,28.92
INVDBMFLZ,2026-01-07,37,2026,1,7,2,0,1,1,30.78,30.78,30.78,28.9
INVDBMFLZ,2026-01-08,37,2026,1,8,3,0,1,1,30.78,30.78,30.78,29.4
INVDIS3F6,2026-01-02,38,2026,1,2,4,0,1,1,17.85,17.85,27.1,14.83
INVDIS3F6,2026-01-03,38,2026,1,3,5,1,1,1,17.85,17.85,27.1,15.77
INVDIS3F6,2026-01-04,38,2026,1,4,6,1,1,1,17.85,17.85,27.1,17.13
INVDIS3F6,2026-01-05,38,2026,1,5,0,0,1,1,17.85,17.85,27.1,14.49
INVDIS3F6,2026-01-06,38,2026,1,6,1,0,1,1,17.85,17.85,27.1,14.25
INVDIS3F6,2026-01-07,38,2026,1,7,2,0,1,1,17.85,17.85,27.1,13.57
INVDIS3F6,2026-01-08,38,2026,1,8,3,0,1,1,17.85,17.85,27.1,13.32
INVDSSFVE,2026-01-02,39,2026,1,2,4,0,1,1,19.24,25.245,6.1,21.97
INVDSSFVE,2026-01-03,39,2026,1,3,5,1,1,1,19.24,25.245,6.1,22.87
INVDSSFVE,2026-01-04,39,2026,1,4,6,1,1,1,19.24,25.245,6.1,27.79
INVDSSFVE,2026-01-05,39,2026,1,5,0,0,1,1,19.24,25.245,6.1,19.63
INVDSSFVE,2026-01-06,39,2026,1,6,1,0,1,1,19.24,25.245,6.1,19.17
INVDSSFVE,2026-01-07,39,2026,1,7,2,0,1,1,19.24,25.245,6.1,18.68
INVDSSFVE,2026-01-08,39,2026,1,8,3,0,1,1,19.24,25.245,6.1,18.56
INVE6CPN1,2026-01-02,40,2026,1,2,4,0,1,1,10.91,10.91,13.05,11.99
INVE6CPN1,2026-01-03,40,2026,1,3,5,1,1,1,10.91,10.91,13.05,11.9
INVE6CPN1,2026-01-04,40,2026,1,4,6,1,1,1,10.91,10.91,13.05,11.65
INVE6CPN1,2026-01-05,40,2026,1,5,0,0,1,1,10.91,10.91,13.05,11.7
INVE6CPN1,2026-01-06,40,2026,1,6,1,0,1,1,10.91,10.91,13.05,11.33
INVE6CPN1,2026-01-07,40,2026,1,7,2,0,1,1,10.91,10.91,13.05,11.38
INVE6CPN1,2026-01-08,40,2026,1,8,3,0,1,1,10.91,10.91,13.05,11.53
INVEC79HK,2026-01-02,41,2026,1,2,4,0,1,1,25.33,25.33,25.33,29.78
INVEC79HK,2026-01-03,41,2026,1,3,5,1,1,1,25.33,25.33,25.33,30.17
INVEC79HK,2026-01-04,41,2026,1,4,6,1,1,1,25.33,25.33,25.33,28.12
INVEC79HK,2026-01-05,41,2026,1,5,0,0,1,1,25.33,25.33,25.33,26.59
INVEC79HK,2026-01-06,41,2026,1,6,1,0,1,1,25.33,25.33,25.33,25.74
INVEC79HK,2026-01-07,41,2026,1,7,2,0,1,1,25.33,25.33,25.33,25.12
INVEC79HK,2026-01-08,41,2026,1,8,3,0,1,1,25.33,25.33,25.33,25.44
INVESJVFD,2026-01-02,42,2026,1,2,4,0,1,1,35.99666666666666,31.689999999999998,43.05,38.16
INVESJVFD,2026-01-03,42,2026,1,3,5,1,1,1,35.99666666666666,31.689999999999998,43.05,38.18
INVESJVFD,2026-01-04,42,2026,1,4,6,1,1,1,35.99666666666666,31.689999999999998,43.05,38.13
INVESJVFD,2026-01-05,42,2026,1,5,0,0,1,1,35.99666666666666,31.689999999999998,43.05,37.9
INVESJVFD,2026-01-06,42,2026,1,6,1,0,1,1,35.99666666666666,31.689999999999998,43.05,37.76
INVESJVFD,2026-01-07,42,2026,1,7,2,0,1,1,35.99666666666666,31.689999999999998,43.05,37.92
INVESJVFD,2026-01-08,42,2026,1,8,3,0,1,1,35.99666666666666,31.689999999999998,43.05,37.69
INVF27HT5,2026-01-02,43,2026,1,2,4,0,1,1,25.25666666666667,25.25666666666667,48.99,14.37
INVF27HT5,2026-01-03,43,2026,1,3,5,1,1,1,25.25666666666667,25.25666666666667,48.99,15.11
INVF27HT5,2026-01-04,43,2026,1,4,6,1,1,1,25.25666666666667,25.25666666666667,48.99,15.76
INVF27HT5,2026-01-05,43,2026,1,5,0,0,1,1,25.25666666666667,25.25666666666667,48.99,13.14
INVF27HT5,2026-01-06,43,2026,1,6,1,0,1,1,25.25666666666667,25.25666666666667,48.99,12.5
INVF27HT5,2026-01-07,43,2026,1,7,2,0,1,1,25.25666666666667,25.25666666666667,48.99,12.58
INVF27HT5,2026-01-08,43,2026,1,8,3,0,1,1,25.25666666666667,25.25666666666667,48.99,12.64
INVF2ZMLX,2026-01-02,44,2026,1,2,4,0,1,1,31.096666666666668,26.263333333333332,15.01,39.66
INVF2ZMLX,2026-01-03,44,2026,1,3,5,1,1,1,31.096666666666668,26.263333333333332,15.01,39.51
INVF2ZMLX,2026-01-04,44,2026,1,4,6,1,1,1,31.096666666666668,26.263333333333332,15.01,38.78
INVF2ZMLX,2026-01-05,44,2026,1,5,0,0,1,1,31.096666666666668,26.263333333333332,15.01,37.8
INVF2ZMLX,2026-01-06,44,2026,1,6,1,0,1,1,31.096666666666668,26.263333333333332,15.01,36.75
INVF2ZMLX,2026-01-07,44,2026,1,7,2,0,1,1,31.096666666666668,26.263333333333332,15.01,36.3
INVF2ZMLX,2026-01-08,44,2026,1,8,3,0,1,1,31.096666666666668,26.263333333333332,15.01,36.5
INVFYJAZR,2026-01-02,45,2026,1,2,4,0,1,1,27.23,24.74,11.42,36.85
INVFYJAZR,2026-01-03,45,2026,1,3,5,1,1,1,27.23,24.74,11.42,36.79
INVFYJAZR,2026-01-04,45,2026,1,4,6,1,1,1,27.23,24.74,11.42,36.32
INVFYJAZR,2026-01-05,45,2026,1,5,0,0,1,1,27.23,24.74,11.42,34.8
INVFYJAZR,2026-01-06,45,2026,1,6,1,0,1,1,27.23,24.74,11.42,34.1
INVFYJAZR,2026-01-07,45,2026,1,7,2,0,1,1,27.23,24.74,11.42,33.68
INVFYJAZR,2026-01-08,45,2026,1,8,3,0,1,1,27.23,24.74,11.42,34.12
INVGE0G6W,2026-01-02,46,2026,1,2,4,0,1,1,37.806666666666665,37.806666666666665,46.17,36.74
INVGE0G6W,2026-01-03,46,2026,1,3,5,1,1,1,37.806666666666665,37.806666666666665,46.17,36.8
INVGE0G6W,2026-01-04,46,2026,1,4,6,1,1,1,37.806666666666665,37.806666666666665,46.17,36.62
INVGE0G6W,2026-01-05,46,2026,1,5,0,0,1,1,37.806666666666665,37.806666666666665,46.17,36.78
INVGE0G6W,2026-01-06,46,2026,1,6,1,0,1,1,37.806666666666665,37.806666666666665,46.17,36.7
INVGE0G6W,2026-01-07,46,2026,1,7,2,0,1,1,37.806666666666665,37.806666666666665,46.17,36.72
INVGE0G6W,2026-01-08,46,2026,1,8,3,0,1,1,37.806666666666665,37.806666666666665,46.17,36.54
INVGF7SVX,2026-01-02,47,2026,1,2,4,0,1,1,18.2,18.2,18.2,20.17
INVGF7SVX,2026-01-03,47,2026,1,3,5,1,1,1,18.2,18.2,18.2,20.58
INVGF7SVX,2026-01-04,47,2026,1,4,6,1,1,1,18.2,18.2,18.2,22.82
INVGF7SVX,2026-01-05,47,2026,1,5,0,0,1,1,18.2,18.2,18.2,19.72
INVGF7SVX,2026-01-06,47,2026,1,6,1,0,1,1,18.2,18.2,18.2,19.13
INVGF7SVX,2026-01-07,47,2026,1,7,2,0,1,1,18.2,18.2,18.2,18.72
INVGF7SVX,2026-01-08,47,2026,1,8,3,0,1,1,18.2,18.2,18.2,18.45
INVGTKKRW,2026-01-02,48,2026,1,2,4,0,1,1,27.50666666666667,28.01,34.86,20.25
INVGTKKRW,2026-01-03,48,2026,1,3,5,1,1,1,27.50666666666667,28.01,34.86,20.93
INVGTKKRW,2026-01-04,48,2026,1,4,6,1,1,1,27.50666666666667,28.01,34.86,22.04
INVGTKKRW,2026-01-05,48,2026,1,5,0,0,1,1,27.50666666666667,28.01,34.86,19.13
INVGTKKRW,2026-01-06,48,2026,1,6,1,0,1,1,27.50666666666667,28.01,34.86,18.8
INVGTKKRW,2026-01-07,48,2026,1,7,2,0,1,1,27.50666666666667,28.01,34.86,18.88
INVGTKKRW,2026-01-08,48,2026,1,8,3,0,1,1,27.50666666666667,28.01,34.86,18.89
INVIRUYVR,2026-01-02,49,2026,1,2,4,0,1,1,44.906666666666666,35.977999999999994,45.27,38.94
INVIRUYVR,2026-01-03,49,2026,1,3,5,1,1,1,44.906666666666666,35.977999999999994,45.27,39.05
INVIRUYVR,2026-01-04,49,2026,1,4,6,1,1,1,44.906666666666666,35.977999999999994,45.27,38.95
INVIRUYVR,2026-01-05,49,2026,1,5,0,0,1,1,44.906666666666666,35.977999999999994,45.27,38.99
INVIRUYVR,2026-01-06,49,2026,1,6,1,0,1,1,44.906666666666666,35.977999999999994,45.27,38.98
INVIRUYVR,2026-01-07,49,2026,1,7,2,0,1,1,44.906666666666666,35.977999999999994,45.27,39.05
INVIRUYVR,2026-01-08,49,2026,1,8,3,0,1,1,44.906666666666666,35.977999999999994,45.27,38.9
INVIYL9IS,2026-01-02,50,2026,1,2,4,0,1,1,12.21,12.21,12.21,14.39
INVIYL9IS,2026-01-03,50,2026,1,3,5,1,1,1,12.21,12.21,12.21,14.05
INVIYL9IS,2026-01-04,50,2026,1,4,6,1,1,1,12.21,12.21,12.21,14.02
INVIYL9IS,2026-01-05,50,2026,1,5,0,0,1,1,12.21,12.21,12.21,14.26
INVIYL9IS,2026-01-06,50,2026,1,6,1,0,1,1,12.21,12.21,12.21,14.02
INVIYL9IS,2026-01-07,50,2026,1,7,2,0,1,1,12.21,12.21,12.21,13.78
INVIYL9IS,2026-01-08,50,2026,1,8,3,0,1,1,12.21,12.21,12.21,13.89
INVJVR5WR,2026-01-02,51,2026,1,2,4,0,1,1,28.189999999999998,28.189999999999998,21.28,38.85
INVJVR5WR,2026-01-03,51,2026,1,3,5,1,1,1,28.189999999999998,28.189999999999998,21.28,38.93
INVJVR5WR,2026-01-04,51,2026,1,4,6,1,1,1,28.189999999999998,28.189999999999998,21.28,38.65
INVJVR5WR,2026-01-05,51,2026,1,5,0,0,1,1,28.189999999999998,28.189999999999998,21.28,38.44
INVJVR5WR,2026-01-06,51,2026,1,6,1,0,1,1,28.189999999999998,28.189999999999998,21.28,38.2
INVJVR5WR,2026-01-07,51,2026,1,7,2,0,1,1,28.189999999999998,28.189999999999998,21.28,38.18
INVJVR5WR,2026-01-08,51,2026,1,8,3,0,1,1,28.189999999999998,28.189999999999998,21.28,38.23
INVJX45SU,2026-01-02,52,2026,1,2,4,0,1,1,29.544999999999998,29.544999999999998,37.16,21.52
INVJX45SU,2026-01-03,52,2026,1,3,5,1,1,1,29.544999999999998,29.544999999999998,37.16,21.8
INVJX45SU,2026-01-04,52,2026,1,4,6,1,1,1,29.544999999999998,29.544999999999998,37.16,22.9
INVJX45SU,2026-01-05,52,2026,1,5,0,0,1,1,29.544999999999998,29.544999999999998,37.16,21.38
INVJX45SU,2026-01-06,52,2026,1,6,1,0,1,1,29.544999999999998,29.544999999999998,37.16,21.12
INVJX45SU,2026-01-07,52,2026,1,7,2,0,1,1,29.544999999999998,29.544999999999998,37.16,21.05
INVJX45SU,2026-01-08,52,2026,1,8,3,0,1,1,29.544999999999998,29.544999999999998,37.16,19.86
INVJZGF47,2026-01-02,53,2026,1,2,4,0,1,1,37.70666666666667,29.74,32.26,38.65
INVJZGF47,2026-01-03,53,2026,1,3,5,1,1,1,37.70666666666667,29.74,32.26,39.23
INVJZGF47,2026-01-04,53,2026,1,4,6,1,1,1,37.70666666666667,29.74,32.26,39.16
INVJZGF47,2026-01-05,53,2026,1,5,0,0,1,1,37.70666666666667,29.74,32.26,38.65
INVJZGF47,2026-01-06,53,2026,1,6,1,0,1,1,37.70666666666667,29.74,32.26,38.69
INVJZGF47,2026-01-07,53,2026,1,7,2,0,1,1,37.70666666666667,29.74,32.26,38.84
INVJZGF47,2026-01-08,53,2026,1,8,3,0,1,1,37.70666666666667,29.74,32.26,38.8
INVKQB5K6,2026-01-02,54,2026,1,2,4,0,1,1,18.67,18.67,23.6,19.35
INVKQB5K6,2026-01-03,54,2026,1,3,5,1,1,1,18.67,18.67,23.6,19.71
INVKQB5K6,2026-01-04,54,2026,1,4,6,1,1,1,18.67,18.67,23.6,21.69
INVKQB5K6,2026-01-05,54,2026,1,5,0,0,1,1,18.67,18.67,23.6,18.54
INVKQB5K6,2026-01-06,54,2026,1,6,1,0,1,1,18.67,18.67,23.6,18.11
INVKQB5K6,2026-01-07,54,2026,1,7,2,0,1,1,18.67,18.67,23.6,17.48
INVKQB5K6,2026-01-08,54,2026,1,8,3,0,1,1,18.67,18.67,23.6,17.36
INVL2GQ8H,2026-01-02,55,2026,1,2,4,0,1,1,22.953333333333333,23.752499999999998,30.71,22.1
INVL2GQ8H,2026-01-03,55,2026,1,3,5,1,1,1,22.953333333333333,23.752499999999998,30.71,22.71
INVL2GQ8H,2026-01-04,55,2026,1,4,6,1,1,1,22.953333333333333,23.752499999999998,30.71,22.42
INVL2GQ8H,2026-01-05,55,2026,1,5,0,0,1,1,22.953333333333333,23.752499999999998,30.71,18.65
INVL2GQ8H,2026-01-06,55,2026,1,6,1,0,1,1,22.953333333333333,23.752499999999998,30.71,18.19
INVL2GQ8H,2026-01-07,55,2026,1,7,2,0,1,1,22.953333333333333,23.752499999999998,30.71,18.19
INVL2GQ8H,2026-01-08,55,2026,1,8,3,0,1,1,22.953333333333333,23.752499999999998,30.71,18.45
INVL3B3A2,2026-01-02,56,2026,1,2,4,0,1,1,21.5,21.5,23.84,24.17
INVL3B3A2,2026-01-03,56,2026,1,3,5,1,1,1,21.5,21.5,23.84,24.7
INVL3B3A2,2026-01-04,56,2026,1,4,6,1,1,1,21.5,21.5,23.84,25.68
INVL3B3A2,2026-01-05,56,2026,1,5,0,0,1,1,21.5,21.5,23.84,22.67
INVL3B3A2,2026-01-06,56,2026,1,6,1,0,1,1,21.5,21.5,23.84,22.02
INVL3B3A2,2026-01-07,56,2026,1,7,2,0,1,1,21.5,21.5,23.84,21.41
INVL3B3A2,2026-01-08,56,2026,1,8,3,0,1,1,21.5,21.5,23.84,21.27
INVLTBN3W,2026-01-02,57,2026,1,2,4,0,1,1,20.95,20.95,20.95,21.2
INVLTBN3W,2026-01-03,57,2026,1,3,5,1,1,1,20.95,20.95,20.95,21.61
INVLTBN3W,2026-01-04,57,2026,1,4,6,1,1,1,20.95,20.95,20.95,23.5
INVLTBN3W,2026-01-05,57,2026,1,5,0,0,1,1,20.95,20.95,20.95,20.49
INVLTBN3W,2026-01-06,57,2026,1,6,1,0,1,1,20.95,20.95,20.95,19.74
INVLTBN3W,2026-01-07,57,2026,1,7,2,0,1,1,20.95,20.95,20.95,18.86
INVLTBN3W,2026-01-08,57,2026,1,8,3,0,1,1,20.95,20.95,20.95,18.47
INVLTBPUZ,2026-01-02,58,2026,1,2,4,0,1,1,25.963333333333335,25.0275,17.95,36.97
INVLTBPUZ,2026-01-03,58,2026,1,3,5,1,1,1,25.963333333333335,25.0275,17.95,36.78
INVLTBPUZ,2026-01-04,58,2026,1,4,6,1,1,1,25.963333333333335,25.0275,17.95,35.51
INVLTBPUZ,2026-01-05,58,2026,1,5,0,0,1,1,25.963333333333335,25.0275,17.95,34.61
INVLTBPUZ,2026-01-06,58,2026,1,6,1,0,1,1,25.963333333333335,25.0275,17.95,33.74
INVLTBPUZ,2026-01-07,58,2026,1,7,2,0,1,1,25.963333333333335,25.0275,17.95,33.41
INVLTBPUZ,2026-01-08,58,2026,1,8,3,0,1,1,25.963333333333335,25.0275,17.95,33.95
INVLVX1IR,2026-01-02,59,2026,1,2,4,0,1,1,31.23,31.23,23.92,39.98
INVLVX1IR,2026-01-03,59,2026,1,3,5,1,1,1,31.23,31.23,23.92,39.91
INVLVX1IR,2026-01-04,59,2026,1,4,6,1,1,1,31.23,31.23,23.92,40.28
INVLVX1IR,2026-01-05,59,2026,1,5,0,0,1,1,31.23,31.23,23.92,39.88
INVLVX1IR,2026-01-06,59,2026,1,6,1,0,1,1,31.23,31.23,23.92,39.89
INVLVX1IR,2026-01-07,59,2026,1,7,2,0,1,1,31.23,31.23,23.92,39.88
INVLVX1IR,2026-01-08,59,2026,1,8,3,0,1,1,31.23,31.23,23.92,39.83
INVMNZPCC,2026-01-02,60,2026,1,2,4,0,1,1,13.02,13.02,17.19,13.36
INVMNZPCC,2026-01-03,60,2026,1,3,5,1,1,1,13.02,13.02,17.19,13.05
INVMNZPCC,2026-01-04,60,2026,1,4,6,1,1,1,13.02,13.02,17.19,12.63
INVMNZPCC,2026-01-05,60,2026,1,5,0,0,1,1,13.02,13.02,17.19,13.13
INVMNZPCC,2026-01-06,60,2026,1,6,1,0,1,1,13.02,13.02,17.19,12.85
INVMNZPCC,2026-01-07,60,2026,1,7,2,0,1,1,13.02,13.02,17.19,12.46
INVMNZPCC,2026-01-08,60,2026,1,8,3,0,1,1,13.02,13.02,17.19,12.58
INVN1KBRP,2026-01-02,61,2026,1,2,4,0,1,1,17.48,17.48,17.48,17.76
INVN1KBRP,2026-01-03,61,2026,1,3,5,1,1,1,17.48,17.48,17.48,18.12
INVN1KBRP,2026-01-04,61,2026,1,4,6,1,1,1,17.48,17.48,17.48,19.49
INVN1KBRP,2026-01-05,61,2026,1,5,0,0,1,1,17.48,17.48,17.48,18.05
INVN1KBRP,2026-01-06,61,2026,1,6,1,0,1,1,17.48,17.48,17.48,17.42
INVN1KBRP,2026-01-07,61,2026,1,7,2,0,1,1,17.48,17.48,17.48,16.86
INVN1KBRP,2026-01-08,61,2026,1,8,3,0,1,1,17.48,17.48,17.48,16.48
INVNGTX53,2026-01-02,62,2026,1,2,4,0,1,1,25.77,25.77,25.77,29.67
INVNGTX53,2026-01-03,62,2026,1,3,5,1,1,1,25.77,25.77,25.77,30.01
INVNGTX53,2026-01-04,62,2026,1,4,6,1,1,1,25.77,25.77,25.77,27.64
INVNGTX53,2026-01-05,62,2026,1,5,0,0,1,1,25.77,25.77,25.77,26.39
INVNGTX53,2026-01-06,62,2026,1,6,1,0,1,1,25.77,25.77,25.77,25.72
INVNGTX53,2026-01-07,62,2026,1,7,2,0,1,1,25.77,25.77,25.77,25.25
INVNGTX53,2026-01-08,62,2026,1,8,3,0,1,1,25.77,25.77,25.77,25.51
INVNH64TL,2026-01-02,63,2026,1,2,4,0,1,1,24.08,24.08,12.47,33.61
INVNH64TL,2026-01-03,63,2026,1,3,5,1,1,1,24.08,24.08,12.47,33.66
INVNH64TL,2026-01-04,63,2026,1,4,6,1,1,1,24.08,24.08,12.47,32.96
INVNH64TL,2026-01-05,63,2026,1,5,0,0,1,1,24.08,24.08,12.47,31.71
INVNH64TL,2026-01-06,63,2026,1,6,1,0,1,1,24.08,24.08,12.47,30.97
INVNH64TL,2026-01-07,63,2026,1,7,2,0,1,1,24.08,24.08,12.47,30.28
INVNH64TL,2026-01-08,63,2026,1,8,3,0,1,1,24.08,24.08,12.47,30.61
INVNMXD6U,2026-01-02,64,2026,1,2,4,0,1,1,23.345,23.345,28.28,24.38
INVNMXD6U,2026-01-03,64,2026,1,3,5,1,1,1,23.345,23.345,28.28,25.33
INVNMXD6U,2026-01-04,64,2026,1,4,6,1,1,1,23.345,23.345,28.28,24.34
INVNMXD6U,2026-01-05,64,2026,1,5,0,0,1,1,23.345,23.345,28.28,21.53
INVNMXD6U,2026-01-06,64,2026,1,6,1,0,1,1,23.345,23.345,28.28,21.11
INVNMXD6U,2026-01-07,64,2026,1,7,2,0,1,1,23.345,23.345,28.28,20.9
INVNMXD6U,2026-01-08,64,2026,1,8,3,0,1,1,23.345,23.345,28.28,21.22
INVNOGK29,2026-01-02,65,2026,1,2,4,0,1,1,32.99666666666667,27.887500000000003,26.6,30.51
INVNOGK29,2026-01-03,65,2026,1,3,5,1,1,1,32.99666666666667,27.887500000000003,26.6,30.5
INVNOGK29,2026-01-04,65,2026,1,4,6,1,1,1,32.99666666666667,27.887500000000003,26.6,29.58
INVNOGK29,2026-01-05,65,2026,1,5,0,0,1,1,32.99666666666667,27.887500000000003,26.6,29.32
INVNOGK29,2026-01-06,65,2026,1,6,1,0,1,1,32.99666666666667,27.887500000000003,26.6,29.05
INVNOGK29,2026-01-07,65,2026,1,7,2,0,1,1,32.99666666666667,27.887500000000003,26.6,29.04
INVNOGK29,2026-01-08,65,2026,1,8,3,0,1,1,32.99666666666667,27.887500000000003,26.6,29.21
INVNVIDV4,2026-01-02,66,2026,1,2,4,0,1,1,22.846666666666664,26.045,32.21,21.97
INVNVIDV4,2026-01-03,66,2026,1,3,5,1,1,1,22.846666666666664,26.045,32.21,22.76
INVNVIDV4,2026-01-04,66,2026,1,4,6,1,1,1,22.846666666666664,26.045,32.21,22.7
INVNVIDV4,2026-01-05,66,2026,1,5,0,0,1,1,22.846666666666664,26.045,32.21,18.88
INVNVIDV4,2026-01-06,66,2026,1,6,1,0,1,1,22.846666666666664,26.045,32.21,18.45
INVNVIDV4,2026-01-07,66,2026,1,7,2,0,1,1,22.846666666666664,26.045,32.21,18.56
INVNVIDV4,2026-01-08,66,2026,1,8,3,0,1,1,22.846666666666664,26.045,32.21,19.0
INVO0GIUR,2026-01-02,67,2026,1,2,4,0,1,1,30.713333333333335,29.33666666666667,49.51,24.4
INVO0GIUR,2026-01-03,67,2026,1,3,5,1,1,1,30.713333333333335,29.33666666666667,49.51,23.63
INVO0GIUR,2026-01-04,67,2026,1,4,6,1,1,1,30.713333333333335,29.33666666666667,49.51,24.04
INVO0GIUR,2026-01-05,67,2026,1,5,0,0,1,1,30.713333333333335,29.33666666666667,49.51,24.47
INVO0GIUR,2026-01-06,67,2026,1,6,1,0,1,1,30.713333333333335,29.33666666666667,49.51,24.3
INVO0GIUR,2026-01-07,67,2026,1,7,2,0,1,1,30.713333333333335,29.33666666666667,49.51,24.1
INVO0GIUR,2026-01-08,67,2026,1,8,3,0,1,1,30.713333333333335,29.33666666666667,49.51,21.66
INVPT5IWA,2026-01-02,68,2026,1,2,4,0,1,1,18.393333333333334,24.285,15.48,16.2
INVPT5IWA,2026-01-03,68,2026,1,3,5,1,1,1,18.393333333333334,24.285,15.48,17.15
INVPT5IWA,2026-01-04,68,2026,1,4,6,1,1,1,18.393333333333334,24.285,15.48,20.33
INVPT5IWA,2026-01-05,68,2026,1,5,0,0,1,1,18.393333333333334,24.285,15.48,15.42
INVPT5IWA,2026-01-06,68,2026,1,6,1,0,1,1,18.393333333333334,24.285,15.48,14.63
INVPT5IWA,2026-01-07,68,2026,1,7,2,0,1,1,18.393333333333334,24.285,15.48,13.83
INVPT5IWA,2026-01-08,68,2026,1,8,3,0,1,1,18.393333333333334,24.285,15.48,13.7
INVQ00RF2,2026-01-02,69,2026,1,2,4,0,1,1,25.02,29.99,35.31,20.37
INVQ00RF2,2026-01-03,69,2026,1,3,5,1,1,1,25.02,29.99,35.31,20.85
INVQ00RF2,2026-01-04,69,2026,1,4,6,1,1,1,25.02,29.99,35.31,21.69
INVQ00RF2,2026-01-05,69,2026,1,5,0,0,1,1,25.02,29.99,35.31,19.52
INVQ00RF2,2026-01-06,69,2026,1,6,1,0,1,1,25.02,29.99,35.31,19.27
INVQ00RF2,2026-01-07,69,2026,1,7,2,0,1,1,25.02,29.99,35.31,19.32
INVQ00RF2,2026-01-08,69,2026,1,8,3,0,1,1,25.02,29.99,35.31,19.13
INVQ4OQBZ,2026-01-02,70,2026,1,2,4,0,1,1,24.485,24.485,22.29,31.22
INVQ4OQBZ,2026-01-03,70,2026,1,3,5,1,1,1,24.485,24.485,22.29,31.4
INVQ4OQBZ,2026-01-04,70,2026,1,4,6,1,1,1,24.485,24.485,22.29,29.56
INVQ4OQBZ,2026-01-05,70,2026,1,5,0,0,1,1,24.485,24.485,22.29,28.32
INVQ4OQBZ,2026-01-06,70,2026,1,6,1,0,1,1,24.485,24.485,22.29,27.52
INVQ4OQBZ,2026-01-07,70,2026,1,7,2,0,1,1,24.485,24.485,22.29,27.04
INVQ4OQBZ,2026-01-08,70,2026,1,8,3,0,1,1,24.485,24.485,22.29,27.54
INVQIZMVL,2026-01-02,71,2026,1,2,4,0,1,1,26.823333333333334,26.823333333333334,38.82,14.5
INVQIZMVL,2026-01-03,71,2026,1,3,5,1,1,1,26.823333333333334,26.823333333333334,38.82,14.96
INVQIZMVL,2026-01-04,71,2026,1,4,6,1,1,1,26.823333333333334,26.823333333333334,38.82,15.67
INVQIZMVL,2026-01-05,71,2026,1,5,0,0,1,1,26.823333333333334,26.823333333333334,38.82,13.66
INVQIZMVL,2026-01-06,71,2026,1,6,1,0,1,1,26.823333333333334,26.823333333333334,38.82,12.88
INVQIZMVL,2026-01-07,71,2026,1,7,2,0,1,1,26.823333333333334,26.823333333333334,38.82,12.85
INVQIZMVL,2026-01-08,71,2026,1,8,3,0,1,1,26.823333333333334,26.823333333333334,38.82,13.0
INVQY7BMR,2026-01-02,72,2026,1,2,4,0,1,1,19.68,19.68,3.3,25.2
INVQY7BMR,2026-01-03,72,2026,1,3,5,1,1,1,19.68,19.68,3.3,25.69
INVQY7BMR,2026-01-04,72,2026,1,4,6,1,1,1,19.68,19.68,3.3,29.01
INVQY7BMR,2026-01-05,72,2026,1,5,0,0,1,1,19.68,19.68,3.3,24.35
INVQY7BMR,2026-01-06,72,2026,1,6,1,0,1,1,19.68,19.68,3.3,23.91
INVQY7BMR,2026-01-07,72,2026,1,7,2,0,1,1,19.68,19.68,3.3,23.7
INVQY7BMR,2026-01-08,72,2026,1,8,3,0,1,1,19.68,19.68,3.3,23.5
INVR7D21L,2026-01-02,73,2026,1,2,4,0,1,1,24.733333333333334,25.505000000000003,17.89,36.39
INVR7D21L,2026-01-03,73,2026,1,3,5,1,1,1,24.733333333333334,25.505000000000003,17.89,36.22
INVR7D21L,2026-01-04,73,2026,1,4,6,1,1,1,24.733333333333334,25.505000000000003,17.89,35.07
INVR7D21L,2026-01-05,73,2026,1,5,0,0,1,1,24.733333333333334,25.505000000000003,17.89,34.11
INVR7D21L,2026-01-06,73,2026,1,6,1,0,1,1,24.733333333333334,25.505000000000003,17.89,33.2
INVR7D21L,2026-01-07,73,2026,1,7,2,0,1,1,24.733333333333334,25.505000000000003,17.89,32.77
INVR7D21L,2026-01-08,73,2026,1,8,3,0,1,1,24.733333333333334,25.505000000000003,17.89,33.14
INVR7Y45Q,2026-01-02,74,2026,1,2,4,0,1,1,18.653333333333332,20.54,5.97,23.58
INVR7Y45Q,2026-01-03,74,2026,1,3,5,1,1,1,18.653333333333332,20.54,5.97,24.15
INVR7Y45Q,2026-01-04,74,2026,1,4,6,1,1,1,18.653333333333332,20.54,5.97,27.24
INVR7Y45Q,2026-01-05,74,2026,1,5,0,0,1,1,18.653333333333332,20.54,5.97,22.9
INVR7Y45Q,2026-01-06,74,2026,1,6,1,0,1,1,18.653333333333332,20.54,5.97,22.58
INVR7Y45Q,2026-01-07,74,2026,1,7,2,0,1,1,18.653333333333332,20.54,5.97,22.28
INVR7Y45Q,2026-01-08,74,2026,1,8,3,0,1,1,18.653333333333332,20.54,5.97,22.14
INVRJ3FN5,2026-01-02,75,2026,1,2,4,0,1,1,40.800000000000004,31.607999999999997,29.19,38.19
INVRJ3FN5,2026-01-03,75,2026,1,3,5,1,1,1,40.800000000000004,31.607999999999997,29.19,38.7
INVRJ3FN5,2026-01-04,75,2026,1,4,6,1,1,1,40.800000000000004,31.607999999999997,29.19,38.75
INVRJ3FN5,2026-01-05,75,2026,1,5,0,0,1,1,40.800000000000004,31.607999999999997,29.19,38.44
INVRJ3FN5,2026-01-06,75,2026,1,6,1,0,1,1,40.800000000000004,31.607999999999997,29.19,38.43
INVRJ3FN5,2026-01-07,75,2026,1,7,2,0,1,1,40.800000000000004,31.607999999999997,29.19,38.47
INVRJ3FN5,2026-01-08,75,2026,1,8,3,0,1,1,40.800000000000004,31.607999999999997,29.19,38.44
INVRS9Y5U,2026-01-02,76,2026,1,2,4,0,1,1,9.450000000000001,9.450000000000001,3.71,11.56
INVRS9Y5U,2026-01-03,76,2026,1,3,5,1,1,1,9.450000000000001,9.450000000000001,3.71,11.58
INVRS9Y5U,2026-01-04,76,2026,1,4,6,1,1,1,9.450000000000001,9.450000000000001,3.71,12.0
INVRS9Y5U,2026-01-05,76,2026,1,5,0,0,1,1,9.450000000000001,9.450000000000001,3.71,11.48
INVRS9Y5U,2026-01-06,76,2026,1,6,1,0,1,1,9.450000000000001,9.450000000000001,3.71,11.18
INVRS9Y5U,2026-01-07,76,2026,1,7,2,0,1,1,9.450000000000001,9.450000000000001,3.71,11.2
INVRS9Y5U,2026-01-08,76,2026,1,8,3,0,1,1,9.450000000000001,9.450000000000001,3.71,11.54
INVS2XEV0,2026-01-02,77,2026,1,2,4,0,1,1,33.89,33.89,33.89,32.8
INVS2XEV0,2026-01-03,77,2026,1,3,5,1,1,1,33.89,33.89,33.89,32.61
INVS2XEV0,2026-01-04,77,2026,1,4,6,1,1,1,33.89,33.89,33.89,32.63
INVS2XEV0,2026-01-05,77,2026,1,5,0,0,1,1,33.89,33.89,33.89,32.55
INVS2XEV0,2026-01-06,77,2026,1,6,1,0,1,1,33.89,33.89,33.89,32.62
INVS2XEV0,2026-01-07,77,2026,1,7,2,0,1,1,33.89,33.89,33.89,32.61
INVS2XEV0,2026-01-08,77,2026,1,8,3,0,1,1,33.89,33.89,33.89,32.42
INVS5NOKL,2026-01-02,78,2026,1,2,4,0,1,1,31.21,31.21,39.72,26.46
INVS5NOKL,2026-01-03,78,2026,1,3,5,1,1,1,31.21,31.21,39.72,25.65
INVS5NOKL,2026-01-04,78,2026,1,4,6,1,1,1,31.21,31.21,39.72,26.1
INVS5NOKL,2026-01-05,78,2026,1,5,0,0,1,1,31.21,31.21,39.72,26.24
INVS5NOKL,2026-01-06,78,2026,1,6,1,0,1,1,31.21,31.21,39.72,26.2
INVS5NOKL,2026-01-07,78,2026,1,7,2,0,1,1,31.21,31.21,39.72,26.04
INVS5NOKL,2026-01-08,78,2026,1,8,3,0,1,1,31.21,31.21,39.72,24.79
INVSP1C69,2026-01-02,79,2026,1,2,4,0,1,1,6.51,6.51,6.51,9.15
INVSP1C69,2026-01-03,79,2026,1,3,5,1,1,1,6.51,6.51,6.51,9.26
INVSP1C69,2026-01-04,79,2026,1,4,6,1,1,1,6.51,6.51,6.51,10.04
INVSP1C69,2026-01-05,79,2026,1,5,0,0,1,1,6.51,6.51,6.51,8.99
INVSP1C69,2026-01-06,79,2026,1,6,1,0,1,1,6.51,6.51,6.51,8.67
INVSP1C69,2026-01-07,79,2026,1,7,2,0,1,1,6.51,6.51,6.51,8.67
INVSP1C69,2026-01-08,79,2026,1,8,3,0,1,1,6.51,6.51,6.51,9.07
INVTQYY4C,2026-01-02,80,2026,1,2,4,0,1,1,14.0,14.0,14.0,15.05
INVTQYY4C,2026-01-03,80,2026,1,3,5,1,1,1,14.0,14.0,14.0,15.45
INVTQYY4C,2026-01-04,80,2026,1,4,6,1,1,1,14.0,14.0,14.0,16.75
INVTQYY4C,2026-01-05,80,2026,1,5,0,0,1,1,14.0,14.0,14.0,15.15
INVTQYY4C,2026-01-06,80,2026,1,6,1,0,1,1,14.0,14.0,14.0,14.8
INVTQYY4C,2026-01-07,80,2026,1,7,2,0,1,1,14.0,14.0,14.0,14.11
INVTQYY4C,2026-01-08,80,2026,1,8,3,0,1,1,14.0,14.0,14.0,13.55
INVTUOAT3,2026-01-02,81,2026,1,2,4,0,1,1,22.825,22.825,37.54,13.84
INVTUOAT3,2026-01-03,81,2026,1,3,5,1,1,1,22.825,22.825,37.54,14.59
INVTUOAT3,2026-01-04,81,2026,1,4,6,1,1,1,22.825,22.825,37.54,15.7
INVTUOAT3,2026-01-05,81,2026,1,5,0,0,1,1,22.825,22.825,37.54,13.45
INVTUOAT3,2026-01-06,81,2026,1,6,1,0,1,1,22.825,22.825,37.54,12.85
INVTUOAT3,2026-01-07,81,2026,1,7,2,0,1,1,22.825,22.825,37.54,12.72
INVTUOAT3,2026-01-08,81,2026,1,8,3,0,1,1,22.825,22.825,37.54,12.52
INVUOITCL,2026-01-02,82,2026,1,2,4,0,1,1,26.539999999999996,26.539999999999996,22.23,33.75
INVUOITCL,2026-01-03,82,2026,1,3,5,1,1,1,26.539999999999996,26.539999999999996,22.23,33.91
INVUOITCL,2026-01-04,82,2026,1,4,6,1,1,1,26.539999999999996,26.539999999999996,22.23,32.33
INVUOITCL,2026-01-05,82,2026,1,5,0,0,1,1,26.539999999999996,26.539999999999996,22.23,31.46
INVUOITCL,2026-01-06,82,2026,1,6,1,0,1,1,26.539999999999996,26.539999999999996,22.23,30.68
INVUOITCL,2026-01-07,82,2026,1,7,2,0,1,1,26.539999999999996,26.539999999999996,22.23,30.33
INVUOITCL,2026-01-08,82,2026,1,8,3,0,1,1,26.539999999999996,26.539999999999996,22.23,30.7
INVUR1K6G,2026-01-02,83,2026,1,2,4,0,1,1,25.23,25.23,25.23,28.19
INVUR1K6G,2026-01-03,83,2026,1,3,5,1,1,1,25.23,25.23,25.23,28.57
INVUR1K6G,2026-01-04,83,2026,1,4,6,1,1,1,25.23,25.23,25.23,26.24
INVUR1K6G,2026-01-05,83,2026,1,5,0,0,1,1,25.23,25.23,25.23,24.97
INVUR1K6G,2026-01-06,83,2026,1,6,1,0,1,1,25.23,25.23,25.23,24.29
INVUR1K6G,2026-01-07,83,2026,1,7,2,0,1,1,25.23,25.23,25.23,23.81
INVUR1K6G,2026-01-08,83,2026,1,8,3,0,1,1,25.23,25.23,25.23,24.16
INVVH6M8B,2026-01-02,84,2026,1,2,4,0,1,1,10.65,19.55857142857143,8.59,12.52
INVVH6M8B,2026-01-03,84,2026,1,3,5,1,1,1,10.65,19.55857142857143,8.59,12.97
INVVH6M8B,2026-01-04,84,2026,1,4,6,1,1,1,10.65,19.55857142857143,8.59,14.21
INVVH6M8B,2026-01-05,84,2026,1,5,0,0,1,1,10.65,19.55857142857143,8.59,12.17
INVVH6M8B,2026-01-06,84,2026,1,6,1,0,1,1,10.65,19.55857142857143,8.59,11.98
INVVH6M8B,2026-01-07,84,2026,1,7,2,0,1,1,10.65,19.55857142857143,8.59,11.82
INVVH6M8B,2026-01-08,84,2026,1,8,3,0,1,1,10.65,19.55857142857143,8.59,11.89
INVVMMAKJ,2026-01-02,85,2026,1,2,4,0,1,1,31.583333333333332,31.583333333333332,34.84,29.88
INVVMMAKJ,2026-01-03,85,2026,1,3,5,1,1,1,31.583333333333332,31.583333333333332,34.84,29.68
INVVMMAKJ,2026-01-04,85,2026,1,4,6,1,1,1,31.583333333333332,31.583333333333332,34.84,30.17
INVVMMAKJ,2026-01-05,85,2026,1,5,0,0,1,1,31.583333333333332,31.583333333333332,34.84,29.48
INVVMMAKJ,2026-01-06,85,2026,1,6,1,0,1,1,31.583333333333332,31.583333333333332,34.84,29.59
INVVMMAKJ,2026-01-07,85,2026,1,7,2,0,1,1,31.583333333333332,31.583333333333332,34.84,29.48
INVVMMAKJ,2026-01-08,85,2026,1,8,3,0,1,1,31.583333333333332,31.583333333333332,34.84,29.36
INVW3W2WK,2026-01-02,86,2026,1,2,4,0,1,1,30.46,30.46,30.46,29.92
INVW3W2WK,2026-01-03,86,2026,1,3,5,1,1,1,30.46,30.46,30.46,29.66
INVW3W2WK,2026-01-04,86,2026,1,4,6,1,1,1,30.46,30.46,30.46,29.84
INVW3W2WK,2026-01-05,86,2026,1,5,0,0,1,1,30.46,30.46,30.46,29.42
INVW3W2WK,2026-01-06,86,2026,1,6,1,0,1,1,30.46,30.46,30.46,29.43
INVW3W2WK,2026-01-07,86,2026,1,7,2,0,1,1,30.46,30.46,30.46,29.37
INVW3W2WK,2026-01-08,86,2026,1,8,3,0,1,1,30.46,30.46,30.46,29.76
INVWHIWF2,2026-01-02,87,2026,1,2,4,0,1,1,35.45333333333333,35.35,36.56,36.34
INVWHIWF2,2026-01-03,87,2026,1,3,5,1,1,1,35.45333333333333,35.35,36.56,36.49
INVWHIWF2,2026-01-04,87,2026,1,4,6,1,1,1,35.45333333333333,35.35,36.56,36.49
INVWHIWF2,2026-01-05,87,2026,1,5,0,0,1,1,35.45333333333333,35.35,36.56,36.29
INVWHIWF2,2026-01-06,87,2026,1,6,1,0,1,1,35.45333333333333,35.35,36.56,36.39
INVWHIWF2,2026-01-07,87,2026,1,7,2,0,1,1,35.45333333333333,35.35,36.56,36.45
INVWHIWF2,2026-01-08,87,2026,1,8,3,0,1,1,35.45333333333333,35.35,36.56,36.59
INVXNTVXV,2026-01-02,88,2026,1,2,4,0,1,1,19.24,19.24,19.24,19.78
INVXNTVXV,2026-01-03,88,2026,1,3,5,1,1,1,19.24,19.24,19.24,20.32
INVXNTVXV,2026-01-04,88,2026,1,4,6,1,1,1,19.24,19.24,19.24,22.9
INVXNTVXV,2026-01-05,88,2026,1,5,0,0,1,1,19.24,19.24,19.24,19.05
INVXNTVXV,2026-01-06,88,2026,1,6,1,0,1,1,19.24,19.24,19.24,18.2
INVXNTVXV,2026-01-07,88,2026,1,7,2,0,1,1,19.24,19.24,19.24,17.29
INVXNTVXV,2026-01-08,88,2026,1,8,3,0,1,1,19.24,19.24,19.24,16.78
INVXV7KXQ,2026-01-02,89,2026,1,2,4,0,1,1,10.09,19.982499999999998,13.14,10.35
INVXV7KXQ,2026-01-03,89,2026,1,3,5,1,1,1,10.09,19.982499999999998,13.14,10.79
INVXV7KXQ,2026-01-04,89,2026,1,4,6,1,1,1,10.09,19.982499999999998,13.14,11.36
INVXV7KXQ,2026-01-05,89,2026,1,5,0,0,1,1,10.09,19.982499999999998,13.14,10.25
INVXV7KXQ,2026-01-06,89,2026,1,6,1,0,1,1,10.09,19.982499999999998,13.14,9.97
INVXV7KXQ,2026-01-07,89,2026,1,7,2,0,1,1,10.09,19.982499999999998,13.14,9.72
INVXV7KXQ,2026-01-08,89,2026,1,8,3,0,1,1,10.09,19.982499999999998,13.14,9.5
INVY43WVL,2026-01-02,90,2026,1,2,4,0,1,1,12.083333333333334,14.5175,6.75,12.58
INVY43WVL,2026-01-03,90,2026,1,3,5,1,1,1,12.083333333333334,14.5175,6.75,12.92
INVY43WVL,2026-01-04,90,2026,1,4,6,1,1,1,12.083333333333334,14.5175,6.75,13.94
INVY43WVL,2026-01-05,90,2026,1,5,0,0,1,1,12.083333333333334,14.5175,6.75,12.47
INVY43WVL,2026-01-06,90,2026,1,6,1,0,1,1,12.083333333333334,14.5175,6.75,12.27
INVY43WVL,2026-01-07,90,2026,1,7,2,0,1,1,12.083333333333334,14.5175,6.75,11.98
INVY43WVL,2026-01-08,90,2026,1,8,3,0,1,1,12.083333333333334,14.5175,6.75,11.74
INVYHXESK,2026-01-02,91,2026,1,2,4,0,1,1,32.68666666666666,36.9825,18.33,41.58
INVYHXESK,2026-01-03,91,2026,1,3,5,1,1,1,32.68666666666666,36.9825,18.33,41.62
INVYHXESK,2026-01-04,91,2026,1,4,6,1,1,1,32.68666666666666,36.9825,18.33,41.86
INVYHXESK,2026-01-05,91,2026,1,5,0,0,1,1,32.68666666666666,36.9825,18.33,41.75
INVYHXESK,2026-01-06,91,2026,1,6,1,0,1,1,32.68666666666666,36.9825,18.33,41.7
INVYHXESK,2026-01-07,91,2026,1,7,2,0,1,1,32.68666666666666,36.9825,18.33,41.59
INVYHXESK,2026-01-08,91,2026,1,8,3,0,1,1,32.68666666666666,36.9825,18.33,41.51
INVYU2GUA,2026-01-02,92,2026,1,2,4,0,1,1,37.79666666666667,37.79666666666667,45.2,36.2
INVYU2GUA,2026-01-03,92,2026,1,3,5,1,1,1,37.79666666666667,37.79666666666667,45.2,36.27
INVYU2GUA,2026-01-04,92,2026,1,4,6,1,1,1,37.79666666666667,37.79666666666667,45.2,36.03
INVYU2GUA,2026-01-05,92,2026,1,5,0,0,1,1,37.79666666666667,37.79666666666667,45.2,36.44
INVYU2GUA,2026-01-06,92,2026,1,6,1,0,1,1,37.79666666666667,37.79666666666667,45.2,36.36
INVYU2GUA,2026-01-07,92,2026,1,7,2,0,1,1,37.79666666666667,37.79666666666667,45.2,36.32
INVYU2GUA,2026-01-08,92,2026,1,8,3,0,1,1,37.79666666666667,37.79666666666667,45.2,36.03
INVZ2JSBN,2026-01-02,93,2026,1,2,4,0,1,1,13.636666666666665,13.636666666666665,22.84,13.37
INVZ2JSBN,2026-01-03,93,2026,1,3,5,1,1,1,13.636666666666665,13.636666666666665,22.84,13.59
INVZ2JSBN,2026-01-04,93,2026,1,4,6,1,1,1,13.636666666666665,13.636666666666665,22.84,13.86
INVZ2JSBN,2026-01-05,93,2026,1,5,0,0,1,1,13.636666666666665,13.636666666666665,22.84,13.48
INVZ2JSBN,2026-01-06,93,2026,1,6,1,0,1,1,13.636666666666665,13.636666666666665,22.84,13.4
INVZ2JSBN,2026-01-07,93,2026,1,7,2,0,1,1,13.636666666666665,13.636666666666665,22.84,12.72
INVZ2JSBN,2026-01-08,93,2026,1,8,3,0,1,1,13.636666666666665,13.636666666666665,22.84,12.15
INVZQP4OZ,2026-01-02,94,2026,1,2,4,0,1,1,15.853333333333333,15.853333333333333,1.61,14.19
INVZQP4OZ,2026-01-03,94,2026,1,3,5,1,1,1,15.853333333333333,15.853333333333333,1.61,14.83
INVZQP4OZ,2026-01-04,94,2026,1,4,6,1,1,1,15.853333333333333,15.853333333333333,1.61,16.73
INVZQP4OZ,2026-01-05,94,2026,1,5,0,0,1,1,15.853333333333333,15.853333333333333,1.61,14.2
INVZQP4OZ,2026-01-06,94,2026,1,6,1,0,1,1,15.853333333333333,15.853333333333333,1.61,13.99
INVZQP4OZ,2026-01-07,94,2026,1,7,2,0,1,1,15.853333333333333,15.853333333333333,1.61,13.43
INVZQP4OZ,2026-01-08,94,2026,1,8,3,0,1,1,15.853333333333333,15.853333333333333,1.61,12.78
INVZY4GBD,2026-01-02,95,2026,1,2,4,0,1,1,21.45,21.45,21.45,22.56
INVZY4GBD,2026-01-03,95,2026,1,3,5,1,1,1,21.45,21.45,21.45,23.13
INVZY4GBD,2026-01-04,95,2026,1,4,6,1,1,1,21.45,21.45,21.45,24.27
INVZY4GBD,2026-01-05,95,2026,1,5,0,0,1,1,21.45,21.45,21.45,21.43
INVZY4GBD,2026-01-06,95,2026,1,6,1,0,1,1,21.45,21.45,21.45,20.69
INVZY4GBD,2026-01-07,95,2026,1,7,2,0,1,1,21.45,21.45,21.45,20.04
INVZY4GBD,2026-01-08,95,2026,1,8,3,0,1,1,21.45,21.45,21.45,19.82
